product_title,product_id,variant_id,sku,product_collection
Azure Dreams - 2 Items,4656647897146,32270658043962,745934573311,Azure Dreams - 2 Items
Azure Dreams - 3 Items,4656649044026,32270662271034,745934573328,Azure Dreams - 3 Items
Azure Dreams - 5 Items,4656650682426,32270668857402,745934573335,Azure Dreams - 5 Items
Head In The Clouds - 2 Items,4656651665466,32270670233658,745934573342,Head In The Clouds - 2 Items
Head In The Clouds - 3 Items,4656652386362,32270671478842,745934573359,Head In The Clouds - 3 Items
Head In The Clouds - 5 Items,4656671031354,32270697693242,745934573366,Head In The Clouds - 5 Items
Unapologetic - 2 Items,4656672309306,32270699626554,745934573373,Unapologetic - 2 Items
Unapologetic - 3 Items,4656673947706,32270702379066,745934573380,Unapologetic - 3 Items
Unapologetic - 5 Items,4656676667450,32270709162042,745934573397,Unapologetic - 5 Items
Viper Vibe - 2 Items,4656677650490,32270711095354,745934573403,Viper Vibe - 2 Items
Viper Vibe - 5 Items,4656678731834,32270717681722,745934573427,Viper Vibe - 5 Items
Precious Peak - 2 Items,4656679092282,32270719746106,745934573434
Precious Peak - 3 Items,4656679288890,32270720401466,745934573441
Core Strength - 2 Items,4656680140858,32270725152826,745934573465
Core Strength - 3 Items,4656680599610,32270730330170,745934573472
Core Strength - 5 Items,4656682238010,32270744158266,745934573489
Precious Peak - 5 Items,4657190633530,32271899754554,745934573458
On The Flipside - 2 Items,4657193910330,32271904768058,745934573496
On The Flipside - 3 Items,4657194172474,32271905882170,745934573502
On The Flipside - 5 Items,4657194893370,32271907651642,745934573519
Viper Vibe - 3 Items,6535405928506,39246297169978,745934573410,Viper Vibe - 3 Items
Powerhouse - 2 Items,6535517175866,39246628388922,745934577692,Powerhouse - 2 Items
Powerhouse - 3 Items,6535624720442,39246876803130,745934577708,Powerhouse - 3 Items
Powerhouse - 5 Items,6535625408570,39246882734138,745934577715,Powerhouse - 5 Items
